{"count":1,"self":11.5938128,"total":103.1566486,"children":{"InitializeActuators":{"count":5,"self":0.0034679999999999997,"total":0.0034679999999999997,"children":null},"InitializeSensors":{"count":5,"self":0.0025209,"total":0.0025209,"children":null},"AgentSendState":{"count":10201,"self":0.73318509999999992,"total":1.1987347,"children":{"CollectObservations":{"count":51005,"self":0.0045071,"total":0.0045071,"children":null},"WriteActionMask":{"count":51005,"self":0.0065093999999999994,"total":0.0065093999999999994,"children":null},"RequestDecision":{"count":51005,"self":0.0817826,"total":0.45453309999999997,"children":{"AgentInfo.ToProto":{"count":51005,"self":0.0666874,"total":0.3727505,"children":{"GenerateSensorData":{"count":51005,"self":0.2674686,"total":0.3060631,"children":{"RayPerceptionSensor.Perceive":{"count":51005,"self":0.0385945,"total":0.0385945,"children":null}}}}}}}}},"DecideAction":{"count":10201,"self":90.281318399999989,"total":90.2813197,"children":null},"AgentAct":{"count":10201,"self":0.0757915,"total":0.0757915,"children":null}},"gauges":{},"metadata":{"timer_format_version":"0.1.0","start_time_seconds":"1678204024","unity_version":"2021.3.20f1","command_line_arguments":"E:\\Unity\\2021.3.20f1\\Editor\\Unity.exe -projectPath E:\\AI\\Full-AI-Project","communication_protocol_version":"1.5.0","com.unity.ml-agents_version":"2.3.0-exp.3","scene_name":"CarAI","end_time_seconds":"1678204127"}}