{"count":1,"self":1231.17056,"total":10546.2026691,"children":{"InitializeActuators":{"count":20,"self":0.001001,"total":0.001001,"children":null},"InitializeSensors":{"count":20,"self":0.0025204999999999997,"total":0.0025204999999999997,"children":null},"AgentSendState":{"count":1085434,"self":295.60895999999997,"total":860.84366849999992,"children":{"CollectObservations":{"count":4341740,"self":513.5222784,"total":513.5222845,"children":null},"WriteActionMask":{"count":4341740,"self":1.1379617,"total":1.1379617,"children":null},"RequestDecision":{"count":4341740,"self":8.262660799999999,"total":50.574459999999995,"children":{"AgentInfo.ToProto":{"count":4341740,"self":5.8482296,"total":42.3117996,"children":{"GenerateSensorData":{"count":4341740,"self":27.4082112,"total":36.463569799999995,"children":{"RayPerceptionSensor.Perceive":{"count":4341740,"self":9.0553568,"total":9.0553571,"children":null}}}}}}}}},"DecideAction":{"count":1085434,"self":8440.8360959999991,"total":8440.8359889,"children":null},"AgentAct":{"count":1085434,"self":13.2841832,"total":13.284182999999999,"children":null},"AgentInfo.ToProto":{"count":3259,"self":0.0182965,"total":0.064728899999999992,"children":{"GenerateSensorData":{"count":3259,"self":0.0328966,"total":0.0464324,"children":{"RayPerceptionSensor.Perceive":{"count":3259,"self":0.013535799999999999,"total":0.013535799999999999,"children":null}}}}}},"gauges":{"CarAgent.CumulativeReward":{"count":3259,"max":1733.17053,"min":-5590.932,"runningAverage":153.391861,"value":999.425659,"weightedAverage":255.749619}},"metadata":{"timer_format_version":"0.1.0","start_time_seconds":"1678435791","unity_version":"2021.3.20f1","command_line_arguments":"E:\\Unity\\2021.3.20f1\\Editor\\Unity.exe -projectpath E:\\AI\\AI-Project -useHub -hubIPC -cloudEnvironment production","communication_protocol_version":"1.5.0","com.unity.ml-agents_version":"2.3.0-exp.3","scene_name":"CarScenes_2","end_time_seconds":"1678446338"}}