{"count":1,"self":65.6261312,"total":77.8718919,"children":{"InitializeActuators":{"count":48,"self":0.0010002,"total":0.0010002,"children":null},"InitializeSensors":{"count":48,"self":0.0010006,"total":0.0010006,"children":null},"AgentSendState":{"count":7344,"self":9.2470368,"total":10.0345596,"children":{"CollectObservations":{"count":176256,"self":0.4080695,"total":0.4080695,"children":null},"WriteActionMask":{"count":176256,"self":0.024158199999999998,"total":0.024158199999999998,"children":null},"RequestDecision":{"count":176256,"self":0.1376925,"total":0.3552952,"children":{"RayPerceptionSensor.Perceive":{"count":161568,"self":0.21760269999999998,"total":0.21760269999999998,"children":null}}}}},"DecideAction":{"count":7344,"self":1.9855395999999998,"total":2.0634381,"children":{"RayPerceptionSensor.Perceive":{"count":14688,"self":0.077898399999999993,"total":0.077898399999999993,"children":null}}},"AgentAct":{"count":7344,"self":0.14576229999999998,"total":0.14576229999999998,"children":null},"RayPerceptionSensor.Perceive":{"count":88,"self":0,"total":0,"children":null}},"gauges":{"CarAgent.CumulativeReward":{"count":88,"max":-15.0102482,"min":-15.0202484,"runningAverage":-15.0152473,"value":-15.0202484,"weightedAverage":-15.0202465}},"metadata":{"timer_format_version":"0.1.0","start_time_seconds":"1679209733","unity_version":"2021.3.20f1","command_line_arguments":"E:\\Unity\\2021.3.20f1\\Editor\\Unity.exe -projectpath E:\\AI\\AI-Project -useHub -hubIPC -cloudEnvironment production","communication_protocol_version":"1.5.0","com.unity.ml-agents_version":"2.3.0-exp.3","scene_name":"CarScenes_3","end_time_seconds":"1679209811"}}