{"count":1,"self":275.2669696,"total":4845.3288445,"children":{"InitializeActuators":{"count":10,"self":0.0021205,"total":0.0021205,"children":null},"InitializeSensors":{"count":10,"self":0.003002,"total":0.003002,"children":null},"AgentSendState":{"count":192134,"self":139.0574848,"total":401.43447199999997,"children":{"CollectObservations":{"count":1921340,"self":236.2310656,"total":236.2310705,"children":null},"WriteActionMask":{"count":1921340,"self":0.5391322,"total":0.5391322,"children":null},"RequestDecision":{"count":1921340,"self":3.9383728,"total":25.606782199999998,"children":{"AgentInfo.ToProto":{"count":1921340,"self":2.78397,"total":21.6684093,"children":{"GenerateSensorData":{"count":1921340,"self":14.406523199999999,"total":18.884439399999998,"children":{"RayPerceptionSensor.Perceive":{"count":1921340,"self":4.4779156,"total":4.4779157,"children":null}}}}}}}}},"DecideAction":{"count":192134,"self":4166.703104,"total":4166.7029582,"children":null},"AgentAct":{"count":192134,"self":1.9062397999999998,"total":1.9062397999999998,"children":null},"AgentInfo.ToProto":{"count":404,"self":0.0010148,"total":0.0120555,"children":{"GenerateSensorData":{"count":404,"self":0.0070091,"total":0.011040699999999999,"children":{"RayPerceptionSensor.Perceive":{"count":404,"self":0.0040316,"total":0.0040316,"children":null}}}}}},"gauges":{"CarAgent.CumulativeReward":{"count":404,"max":17693.4375,"min":-5930.34,"runningAverage":2025.15234,"value":2679.25464,"weightedAverage":509.1501}},"metadata":{"timer_format_version":"0.1.0","start_time_seconds":"1678351626","unity_version":"2021.3.20f1","command_line_arguments":"E:\\Unity\\2021.3.20f1\\Editor\\Unity.exe -projectpath E:\\AI\\AI-Project -useHub -hubIPC -cloudEnvironment production","communication_protocol_version":"1.5.0","com.unity.ml-agents_version":"2.3.0-exp.3","scene_name":"CarScenes_2","end_time_seconds":"1678356471"}}