{"count":1,"self":14.310937599999999,"total":73.969911799999991,"children":{"InitializeActuators":{"count":5,"self":0.0025147999999999998,"total":0.0025147999999999998,"children":null},"InitializeSensors":{"count":5,"self":0.001713,"total":0.001713,"children":null},"AgentSendState":{"count":26434,"self":0.3504352,"total":0.5434829,"children":{"CollectObservations":{"count":26435,"self":0.009025,"total":0.009025,"children":null},"WriteActionMask":{"count":26435,"self":0.0045603,"total":0.0045603,"children":null},"RequestDecision":{"count":26435,"self":0.038952799999999996,"total":0.1794624,"children":{"AgentInfo.ToProto":{"count":26435,"self":0.030204699999999998,"total":0.14050959999999998,"children":{"GenerateSensorData":{"count":26435,"self":0.098804599999999992,"total":0.1103049,"children":{"RayPerceptionSensor.Perceive":{"count":26435,"self":0.0115003,"total":0.0115003,"children":null}}}}}}}}},"DecideAction":{"count":26434,"self":46.3165632,"total":46.316564199999995,"children":null},"AgentAct":{"count":26434,"self":12.7946992,"total":12.794698799999999,"children":null}},"gauges":{},"metadata":{"timer_format_version":"0.1.0","start_time_seconds":"1678173436","unity_version":"2021.3.19f1","command_line_arguments":"E:\\Unity\\2021.3.19f1\\Editor\\Unity.exe -projectpath E:\\AI\\AI-Project-2 -useHub -hubIPC -cloudEnvironment production","communication_protocol_version":"1.5.0","com.unity.ml-agents_version":"2.3.0-exp.3","scene_name":"TestScreen","end_time_seconds":"1678173510"}}